Model,Accuracy,Precision,Recall,F1-Score,ROC AUC
Logistic Regression,0.8578947368421053,0.55,0.15827338129496402,0.24581005586592178,0.8258478297509957
Decision Tree,0.9052631578947369,0.6689655172413793,0.697841726618705,0.6830985915492958,0.8193277683648397
KNN,0.8736842105263158,0.6727272727272727,0.26618705035971224,0.38144329896907214,0.6810004524124227
Random Forest,0.9621052631578947,0.9478260869565217,0.7841726618705036,0.8582677165354331,0.9295611599499686
SVM (RBF),0.8536842105263158,0.0,0.0,0.0,0.7542469107328195
XGBoost,0.96,0.9243697478991597,0.7913669064748201,0.8527131782945736,0.9357219526474999
Gradient Boosting,0.9547368421052631,0.9137931034482759,0.762589928057554,0.8313725490196079,0.9317966095680791
